company_name,contract_number,location_name,pickup_dt,dropoff_dt
AAA,6100253,TPA,2022-11-01T12:00,2022-11-02T12:00
Accenture,XZ15J55,TPA,2022-11-01T12:00,2022-11-02T12:00
Alamo,75796,TPA,2022-11-01T12:00,2022-11-02T12:00
Alaska Airlines,5028121,TPA,2022-11-01T12:00,2022-11-02T12:00
American Airlines,5036929,TPA,2022-11-01T12:00,2022-11-02T12:00
American Express,5066944,TPA,2022-11-01T12:00,2022-11-02T12:00
American Express Family Pass,5125601,TPA,2022-11-01T12:00,2022-11-02T12:00
American Express Platinum,5028695,TPA,2022-11-01T12:00,2022-11-02T12:00
American Veterinary Medical Association,5710068,TPA,2022-11-01T12:00,2022-11-02T12:00
AMS Users Group,5450173,TPA,2022-11-01T12:00,2022-11-02T12:00
AMS Users Group,5450173,TPA,2022-11-01T12:00,2022-11-02T12:00
APA,5601333,TPA,2022-11-01T12:00,2022-11-02T12:00
AVMA,5710068,TPA,2022-11-01T12:00,2022-11-02T12:00
Belmont Tech Coll,XZ38Y30,TPA,2022-11-01T12:00,2022-11-02T12:00
Binghamton University,29ABUP,TPA,2022-11-01T12:00,2022-11-02T12:00
Boston College,5006897,TPA,2022-11-01T12:00,2022-11-02T12:00
Bowling Green State University,XZ38Y02,TPA,2022-11-01T12:00,2022-11-02T12:00
Caltech,5003447,TPA,2022-11-01T12:00,2022-11-02T12:00
Carlson Wagonlit Travel,5760339,TPA,2022-11-01T12:00,2022-11-02T12:00
Central Ohio Tech Coll,XZ38Y31,TPA,2022-11-01T12:00,2022-11-02T12:00
Central State University,XZ38Y03,TPA,2022-11-01T12:00,2022-11-02T12:00
Cincinnati State Tech & Community College,XZ38Y16,TPA,2022-11-01T12:00,2022-11-02T12:00
Clark State Community College,XZ38Y17,TPA,2022-11-01T12:00,2022-11-02T12:00
Cleveland State University,XZ38Y04,TPA,2022-11-01T12:00,2022-11-02T12:00
Club Carlson,5030270,TPA,2022-11-01T12:00,2022-11-02T12:00
Columbus State Community College,XZ38Y18,TPA,2022-11-01T12:00,2022-11-02T12:00
Continental Airlines,5037126,TPA,2022-11-01T12:00,2022-11-02T12:00
Cuyahoga Community College,XZ38Y19,TPA,2022-11-01T12:00,2022-11-02T12:00
Delta Airlines,5000302,TPA,2022-11-01T12:00,2022-11-02T12:00
Dreamworks,6600135,TPA,2022-11-01T12:00,2022-11-02T12:00
Duke,1991867,TPA,2022-11-01T12:00,2022-11-02T12:00
Edison State Community College,XZ38Y20,TPA,2022-11-01T12:00,2022-11-02T12:00
Enterra,5001760,TPA,2022-11-01T12:00,2022-11-02T12:00
Entertainment,5004606,TPA,2022-11-01T12:00,2022-11-02T12:00
Fedex Code,5703040,TPA,2022-11-01T12:00,2022-11-02T12:00
Frontier,5028785,TPA,2022-11-01T12:00,2022-11-02T12:00
General Motors,5000226,TPA,2022-11-01T12:00,2022-11-02T12:00
"Government of British Columbia, Canada",3614638,TPA,2022-11-01T12:00,2022-11-02T12:00
Hawaiian Airlines,5028772,TPA,2022-11-01T12:00,2022-11-02T12:00
Hocking Tech Coll,XZ38Y32,TPA,2022-11-01T12:00,2022-11-02T12:00
IBM,5666666,TPA,2022-11-01T12:00,2022-11-02T12:00
IEEE,5282921,TPA,2022-11-01T12:00,2022-11-02T12:00
Illinois Bar Association,6100497,TPA,2022-11-01T12:00,2022-11-02T12:00
Illinois Farm Bureau,5706352,TPA,2022-11-01T12:00,2022-11-02T12:00
Ithaca College,5002341,TPA,2022-11-01T12:00,2022-11-02T12:00
James A Rhodes St Coll,XZ38Y33,TPA,2022-11-01T12:00,2022-11-02T12:00
Jefferson Community College,XZ38Y21,TPA,2022-11-01T12:00,2022-11-02T12:00
Kent State University,XZ38Y05,TPA,2022-11-01T12:00,2022-11-02T12:00
Lakeland Community College,XZ38Y22,TPA,2022-11-01T12:00,2022-11-02T12:00
Lorain Community College,XZ38Y23,TPA,2022-11-01T12:00,2022-11-02T12:00
Marion Tech Coll,XZ38Y34,TPA,2022-11-01T12:00,2022-11-02T12:00
Massachusetts Higher Education Consortium,524992,TPA,2022-11-01T12:00,2022-11-02T12:00
MasterCard,5282905,TPA,2022-11-01T12:00,2022-11-02T12:00
Miami University,XZ38Y06,TPA,2022-11-01T12:00,2022-11-02T12:00
Michigan State University,5001514,TPA,2022-11-01T12:00,2022-11-02T12:00
NE Ohio University,XZ38Y15,TPA,2022-11-01T12:00,2022-11-02T12:00
North Central St Coll,XZ38Y35,TPA,2022-11-01T12:00,2022-11-02T12:00
NW State Community College,XZ38Y24,TPA,2022-11-01T12:00,2022-11-02T12:00
NWA,5001216,TPA,2022-11-01T12:00,2022-11-02T12:00
Ohio College Association,XZ38Y39,TPA,2022-11-01T12:00,2022-11-02T12:00
Ohio State University,XZ38Y09,TPA,2022-11-01T12:00,2022-11-02T12:00
Ohio University,XZ38Y07,TPA,2022-11-01T12:00,2022-11-02T12:00
Owens Community College,XZ38Y25,TPA,2022-11-01T12:00,2022-11-02T12:00
PFCU,5028035,TPA,2022-11-01T12:00,2022-11-02T12:00
Priceless Vacations,6600330,TPA,2022-11-01T12:00,2022-11-02T12:00
Purdue University,5004459,TPA,2022-11-01T12:00,2022-11-02T12:00
Rutgers,5160502,TPA,2022-11-01T12:00,2022-11-02T12:00
Rutgers,5160502,TPA,2022-11-01T12:00,2022-11-02T12:00
Safeway Inc,1103455,TPA,2022-11-01T12:00,2022-11-02T12:00
Shawnee State University,XZ38Y08,TPA,2022-11-01T12:00,2022-11-02T12:00
Siemens,5201735,TPA,2022-11-01T12:00,2022-11-02T12:00
Sinclair Community College,XZ38Y26,TPA,2022-11-01T12:00,2022-11-02T12:00
Small Associations Program,5282865,TPA,2022-11-01T12:00,2022-11-02T12:00
Southern Illinois University,5710540,TPA,2022-11-01T12:00,2022-11-02T12:00
Southern New Hampshire University,6100842,TPA,2022-11-01T12:00,2022-11-02T12:00
Southern State Community College,XZ38Y27,TPA,2022-11-01T12:00,2022-11-02T12:00
Standard Business Program A,5000491,TPA,2022-11-01T12:00,2022-11-02T12:00
Stark State College,XZ38Y36,TPA,2022-11-01T12:00,2022-11-02T12:00
State of California,5400321,TPA,2022-11-01T12:00,2022-11-02T12:00
State of Georgia,5004625,TPA,2022-11-01T12:00,2022-11-02T12:00
State of Louisana,5004172,TPA,2022-11-01T12:00,2022-11-02T12:00
State of Wisconsin / University of Wisconsin,5004463,TPA,2022-11-01T12:00,2022-11-02T12:00
State of Wisconsin / University of Wisconsin,5766241,TPA,2022-11-01T12:00,2022-11-02T12:00
Terra State Community College,XZ38Y28,TPA,2022-11-01T12:00,2022-11-02T12:00
The University of Iowa,5004461,TPA,2022-11-01T12:00,2022-11-02T12:00
Troy University,XZ55230,TPA,2022-11-01T12:00,2022-11-02T12:00
UC (unsure which organization),5400325,TPA,2022-11-01T12:00,2022-11-02T12:00
United Airlines,2700075,TPA,2022-11-01T12:00,2022-11-02T12:00
University of Akron,XZ38Y10,TPA,2022-11-01T12:00,2022-11-02T12:00
University of California,5400322,TPA,2022-11-01T12:00,2022-11-02T12:00
University of California Los Angeles,XZ32C02,TPA,2022-11-01T12:00,2022-11-02T12:00
University of California San Diego,5904196,TPA,2022-11-01T12:00,2022-11-02T12:00
"University of California, Santa Cruz",5436624,TPA,2022-11-01T12:00,2022-11-02T12:00
University of Chicago,5185011,TPA,2022-11-01T12:00,2022-11-02T12:00
University of Cincinnati,XZ38Y12,TPA,2022-11-01T12:00,2022-11-02T12:00
University of Findlay,XZ38Y55,TPA,2022-11-01T12:00,2022-11-02T12:00
University of Minnesota,5004462,TPA,2022-11-01T12:00,2022-11-02T12:00
"University of Nevada, Las Vegas",5004143,TPA,2022-11-01T12:00,2022-11-02T12:00
University of New Mexico,5420154,TPA,2022-11-01T12:00,2022-11-02T12:00
University of North Carolina,6666666,TPA,2022-11-01T12:00,2022-11-02T12:00
University of South Florida,XZ42D09,TPA,2022-11-01T12:00,2022-11-02T12:00
University of Toledo,XZ38Y11,TPA,2022-11-01T12:00,2022-11-02T12:00
University of VA,5001661,TPA,2022-11-01T12:00,2022-11-02T12:00
UPenn,5001856,TPA,2022-11-01T12:00,2022-11-02T12:00
UPenn,5001856,TPA,2022-11-01T12:00,2022-11-02T12:00
UTU,5005467,TPA,2022-11-01T12:00,2022-11-02T12:00
Washington St Community College,XZ38Y29,TPA,2022-11-01T12:00,2022-11-02T12:00
Washington University St. Louis,5300743,TPA,2022-11-01T12:00,2022-11-02T12:00
Wesleyan Church Corporation / wesleyan.org,XZ08874,TPA,2022-11-01T12:00,2022-11-02T12:00
WestJet,3717102,TPA,2022-11-01T12:00,2022-11-02T12:00
Wright State University,XZ38Y13,TPA,2022-11-01T12:00,2022-11-02T12:00
Wyndham,5028137,TPA,2022-11-01T12:00,2022-11-02T12:00
Youngstown State University,XZ38Y14,TPA,2022-11-01T12:00,2022-11-02T12:00
Zane State University,XZ38Y37,TPA,2022-11-01T12:00,2022-11-02T12:00
